Contig ID,ID,Identity,Length Alignment,Mismatches,Gaps,Start,Stop,Start In Reference Protein,Stop In Reference Protein,E-value,BitScore,Genome Protein Sequence,Protein Reference Sequence,Alignment Length,% Coverage of Reference Sequence,partial_coverage,Length of the Identified Contig,Comments,GeneImportance,gene_family,genbank_protein_accession,genbank_nucleotide_accession,class,subclass,pubmed_reference,product_name,Resistance Mechanism,Database,Notes
NODE_10_length_92303_cov_38.4267,AAV80464.1,100.0,450,0,0,1750,401,1,450,0.0,655.0,MNVEYSKIKKAVPILLFLFVFSLVIDNSFKLISVAIADDLNISVTTVSWQATLAGLVIGIGAVVYASLSDAISIRTLFIYGVILIIIGSIIGYIFQHQFPLLLVGRIIQTAGLAAAETLYVIYVAKYLSKEDQKTYLGLSTSSYSLSLVIGTLSGGFISTYLHWTNMFLIALIVVFTLPFLFKLLPKENNTNKAHLDFVGLILVATIATTVMLFITNFNWLYMIGALIAIIVFALYIKNAQRPLVNKSFFQNKRYASFLFIVFVMYAIQLGYIFTFPFIMEQIYHLQLDTTSLLLVPGYIVAVIVGALSGKIGEYLNSKQAIITAIILIALSLILPAFAVGNHISIFVISMIFFAGSFALMYAPLLNEAIKTIDLNMTGVAIGFYNLIINVAVSVGIAIAAALIDFKALNFPGNDALSSHFGIILIILGLMSIVGLVLFVILNRWTQSEK,MNVEYSKIKKAVPILLFLFVFSLVIDNSFKLISVAIADDLNISVTTVSWQATLAGLVIGIGAVVYASLSDAISIRTLFIYGVILIIIGSIIGYIFQHQFPLLLVGRIIQTAGLAAAETLYVIYVAKYLSKEDQKTYLGLSTSSYSLSLVIGTLSGGFISTYLHWTNMFLIALIVVFTLPFLFKLLPKENNTNKAHLDFVGLILVATIATTVMLFITNFNWLYMIGALIAIIVFALYIKNAQRPLVNKSFFQNKRYASFLFIVFVMYAIQLGYIFTFPFIMEQIYHLQLDTTSLLLVPGYIVAVIVGALSGKIGEYLNSKQAIITAIILIALSLILPAFAVGNHISIFVISMIFFAGSFALMYAPLLNEAIKTIDLNMTGVAIGFYNLIINVAVSVGIAIAAALIDFKALNFPGNDALSSHFGIILIILGLMSIVGLVLFVILNRWTQSEK,450,100.0,100.0,92303,Complete gene based on threshold,Major,tet(38),AAV80464.1,AY825285.1,TETRACYCLINE,TETRACYCLINE,15774883,tetracycline efflux MFS transporter Tet(38),antibiotic efflux,"Reference Gene Catalog,Card Database",ARO:3000565
NODE_35_length_4676_cov_46.6923,QJR33972.1,73.894,452,118,0,4395,3040,6,457,5.4e-166,507.0,KKFKGLFYSVLFWLCILSFFSVLNEMVLNVSLPDIANHFNTTPGITNWVNTAYMLTFSIGTAVYGKLSDYINIKKLLIIGISLSCLGSLIAFIGHNHFFILIFGRLVQGVGSAAFPSLIMVVVARNITRKKQGKAFGFIGSIVALGEGLGPSIGGIIAHYIHWSYLLILPMITIVTIPFLIKVMVPGKSTKNTLDIVGIVLMSISIICFMLFTTNYNWTFLILFTIFFVIFIKHISRVSNPFINPKLGKNIPFMLGLFSGGLIFSIVAGFISMVPYMMKTIYHVNVATIGNSVIFPGTMSVIVFGYFGGFLVDRKGSLFVFILGSLSISISFLTIAFFVEFSMWLTTFMFIFVMGGLSFTKTVISKIVSSSLSEEEVASGMSLLNFTSFLSEGTGIAIVGGLLSLQLINRKLVLEFINYSSGVYSNILVAMAILIILCCLLTIIVFKRSEKQ,NKIKSLSYNILFWLCILSFFSVLNEMVLNVSLPDIAISFNTSPAITNWVNTAYMLTFSIGTAVYGKLSDQVSIKKLLILGIILSCLGSLIGFFGHKHFLILILGRLIQGIGSAAFPSLVMVVVSRNITKAKQGKAFGFIGSIVALGEGIGPSIGGVVTHYIHWSYLLIIPIFTLITIPFLNKIMEPGESQKGDLDILGILLMSISIISFMLFTTSYKWFYLITFVIFFIIFIKHIVKVTHPFIDPALRKNPSFIFGLISGALIFATVAGFISMVPYMMKALYHINAATIGNNVILPGTISVIIFGYIGGYLVDKKGALFVFVIGSLFISISFLVIAFFVELNLWVTTISFIFVMGGLSFTKTVISTIVSSSLSHEEVGSGMSLLNFTSFLSEGTGIIIMGGLLSTQFLNYNFLSEFITFSTNLYSNILIGCTIIIALCCLLTFILFNRTVKQ,459,98.47494553376906,98.47494553376906,4676,Complete gene based on threshold,Major,tet(63),QJR33972.1,CP053076.1,TETRACYCLINE,TETRACYCLINE,,tetracycline efflux MFS transporter Tet(63),antibiotic efflux,"Reference Gene Catalog,Card Database",ARO:3007493
NODE_35_length_4676_cov_46.6923,tet(K)_1_U38656,100.0,459,0,0,4410,3034,1,459,0.0,701.0,LFSLYKKFKGLFYSVLFWLCILSFFSVLNEMVLNVSLPDIANHFNTTPGITNWVNTAYMLTFSIGTAVYGKLSDYINIKKLLIIGISLSCLGSLIAFIGHNHFFILIFGRLVQGVGSAAFPSLIMVVVARNITRKKQGKAFGFIGSIVALGEGLGPSIGGIIAHYIHWSYLLILPMITIVTIPFLIKVMVPGKSTKNTLDIVGIVLMSISIICFMLFTTNYNWTFLILFTIFFVIFIKHISRVSNPFINPKLGKNIPFMLGLFSGGLIFSIVAGFISMVPYMMKTIYHVNVATIGNSVIFPGTMSVIVFGYFGGFLVDRKGSLFVFILGSLSISISFLTIAFFVEFSMWLTTFMFIFVMGGLSFTKTVISKIVSSSLSEEEVASGMSLLNFTSFLSEGTGIAIVGGLLSLQLINRKLVLEFINYSSGVYSNILVAMAILIILCCLLTIIVFKRSEKQFE,LFSLYKKFKGLFYSVLFWLCILSFFSVLNEMVLNVSLPDIANHFNTTPGITNWVNTAYMLTFSIGTAVYGKLSDYINIKKLLIIGISLSCLGSLIAFIGHNHFFILIFGRLVQGVGSAAFPSLIMVVVARNITRKKQGKAFGFIGSIVALGEGLGPSIGGIIAHYIHWSYLLILPMITIVTIPFLIKVMVPGKSTKNTLDIVGIVLMSISIICFMLFTTNYNWTFLILFTIFFVIFIKHISRVSNPFINPKLGKNIPFMLGLFSGGLIFSIVAGFISMVPYMMKTIYHVNVATIGNSVIFPGTMSVIVFGYFGGFLVDRKGSLFVFILGSLSISISFLTIAFFVEFSMWLTTFMFIFVMGGLSFTKTVISKIVSSSLSEEEVASGMSLLNFTSFLSEGTGIAIVGGLLSLQLINRKLVLEFINYSSGVYSNILVAMAILIILCCLLTIIVFKRSEKQFE,459,100.0,100.0,4676,Complete gene based on threshold,Major,tet(K),-,U38656,Tetracycline,"DOXYCYCLINE, TETRACYCLINE",unpublished,-,Increased efflux,ResFinder Database,-
NODE_34_length_4776_cov_51.8685,BAA82230.2,99.254,134,1,0,3562,3161,1,134,1.66e-87,279.0,VRMLQSIPALPVGDIKKSIGFYCDKLGFTLVHHEDGFAVLMCNEVRIHLWEASDEGWRSRSNDSPVCTGAESFIAGTASCRIEVEGIDELYQHIKPLGILHPNTSLKDQWWDERDFAVIDPDNNLISFFQQIKS,MRMLQSIPALPVGDIKKSIGFYCDKLGFTLVHHEDGFAVLMCNEVRIHLWEASDEGWRSRSNDSPVCTGAESFIAGTASCRIEVEGIDELYQHIKPLGILHPNTSLKDQWWDERDFAVIDPDNNLISFFQQIKS,134,100.0,100.0,4776,Complete gene based on threshold,Major,bleO,BAA82230.2,D86934.2,BLEOMYCIN,BLEOMYCIN,12654286,bleomycin binding protein,-,Reference Gene Catalog,-
NODE_34_length_4776_cov_51.8685,aadD_1_AF181950,100.0,256,0,0,4549,3782,1,256,1.82e-169,508.0,MRIVNGPIIMTREERMKIVHEIKERILDKYGDDVKAIGVYGSLGRQTDGPYSDIEMMCVMSTEEAEFSHEWTTGEWKVEVNFDSEEILLDYASQVESDWPLTHGQFFSILPIYDSGGYLEKVYQTAKSVEAQTFHDAICALIVEELFEYAGKWRNIRVQGPTTFLPSLTVQVAMAGAMLIGLHHRICYTTSASVLTEAVKQSDLPSGYDHLCQFVMSGQLSDSEKLLESLENFWNGIQEWTERHGYIVDVSKRIPF,MRIVNGPIIMTREERMKIVHEIKERILDKYGDDVKAIGVYGSLGRQTDGPYSDIEMMCVMSTEEAEFSHEWTTGEWKVEVNFDSEEILLDYASQVESDWPLTHGQFFSILPIYDSGGYLEKVYQTAKSVEAQTFHDAICALIVEELFEYAGKWRNIRVQGPTTFLPSLTVQVAMAGAMLIGLHHRICYTTSASVLTEAVKQSDLPSGYDHLCQFVMSGQLSDSEKLLESLENFWNGIQEWTERHGYIVDVSKRIPF,256,100.0,100.0,4776,Complete gene based on threshold,Major,aadD,-,AF181950,Aminoglycoside,"AMIKACIN, TOBRAMYCIN",10858352,-,Enzymatic modification,ResFinder Database,Alternative name ant(4')-Ia
NODE_33_length_6720_cov_90.2773,erm(A)_1_X03216,100.0,243,0,0,1433,2161,1,243,1.07e-150,464.0,MNQKNPKDTQNFITSKKHVKEILNHTNISKQDNVIEIGSGKGHFTKELVKMSRSVTAIEIDGGLCQVTKEAVNPSENIKVIQTDILKFSFPKHINYKIYGNIPYNISTDIVKRITFESQAKYSYLIVEKGFAKRLQNLQRALGLLLMVEMDIKMLKKVPPLYFHPKPSVDSVLIVLERHQPLISKKDYKKYRSFVYKWVNREYRVLFTKNQFRQALKHANVTNINKLSKEQFLSIFNSYKLFH,MNQKNPKDTQNFITSKKHVKEILNHTNISKQDNVIEIGSGKGHFTKELVKMSRSVTAIEIDGGLCQVTKEAVNPSENIKVIQTDILKFSFPKHINYKIYGNIPYNISTDIVKRITFESQAKYSYLIVEKGFAKRLQNLQRALGLLLMVEMDIKMLKKVPPLYFHPKPSVDSVLIVLERHQPLISKKDYKKYRSFVYKWVNREYRVLFTKNQFRQALKHANVTNINKLSKEQFLSIFNSYKLFH,243,100.0,100.0,6720,Complete gene based on threshold,Major,erm(A),-,X03216,"Macrolide, Lincosamide, Streptogramin B","VIRGINIAMYCIN S, LINCOMYCIN, QUINUPRISTIN, PRISTINAMYCIN IA, ERYTHROMYCIN, CLINDAMYCIN",3004956,-,Target modification,ResFinder Database,"23S rRNA methylase; Azithromycin, Spiramycin resistance in Staphylococcus sp. and Streptococcus sp.; If inducible phenotype, patterns of spiramycin, lincomycin and clindamycin resistance may vary"
NODE_33_length_6720_cov_90.2773,ant(9)-Ia_1_X02588,100.0,260,0,0,3072,2293,1,260,1.1099999999999999e-172,526.0,MSNLINGKIPNQAIQTLKIVKDLFGSSIVGVYLFGSAVNGGLRINSDVDVLVVVNHSLPQLTRKKLTERLMTISGKIGNTDSVRPLEVTVINRSEVVPWQYPPKREFIYGEWLRGEFENGQIQEPSYDPDLAIVLAQARKNSISLFGPDSSSILVSVPLTDIRRAIKDSLPELIEGIKGDERNVILTLARMWQTVTTGEITSKDVAAEWAIPLLPKEHVTLLDIARKGYRGECDDKWEGLYSKVKALVKYMKNSIETSLN,MSNLINGKIPNQAIQTLKIVKDLFGSSIVGVYLFGSAVNGGLRINSDVDVLVVVNHSLPQLTRKKLTERLMTISGKIGNTDSVRPLEVTVINRSEVVPWQYPPKREFIYGEWLRGEFENGQIQEPSYDPDLAIVLAQARKNSISLFGPDSSSILVSVPLTDIRRAIKDSLPELIEGIKGDERNVILTLARMWQTVTTGEITSKDVAAEWAIPLLPKEHVTLLDIARKGYRGECDDKWEGLYSKVKALVKYMKNSIETSLN,260,100.0,100.0,6720,Complete gene based on threshold,Major,ant(9)-Ia,-,X02588,Aminoglycoside,SPECTINOMYCIN,2993813,-,Enzymatic modification,ResFinder Database,"Alternative name aad(9), spc"
NODE_29_length_8801_cov_158.058,blaZ_29_JDXN01000019,100.0,298,0,0,5737,6630,2,299,4.65e-161,498.0,VILFIYKNYNCNIGGFILKKLIFLIAIALVLSACNSNSPHAKKLNDLEKKYNAHIGVYALDTKSGKEVKFNSDKRFAYASTSKAINSAILLEQIPYNKLNKKIHINKDDIVAYSPILEKYVGKDITLKELIEASMTYSDNTANNKIIKEIGGIKKVKQRLKELGDKVTNPVRYEIELNYYSPKSKKDTSTPAAFGKTLNKLIANGKLSKENKKFLLDLMLNNKSGDTLIKDGVSKDCKVADKSGQAITYASRNDVAFVYPKGQSEPIVLVIFTNKDNKSDKPNDKLISETAKSVMKEF,VILFIYKNYNCNIGGFILKKLIFLIAIALVLSACNSNSPHAKKLNDLEKKYNAHIGVYALDTKSGKEVKFNSDKRFAYASTSKAINSAILLEQIPYNKLNKKIHINKDDIVAYSPILEKYVGKDITLKELIEASMTYSDNTANNKIIKEIGGIKKVKQRLKELGDKVTNPVRYEIELNYYSPKSKKDTSTPAAFGKTLNKLIANGKLSKENKKFLLDLMLNNKSGDTLIKDGVSKDCKVADKSGQAITYASRNDVAFVYPKGQSEPIVLVIFTNKDNKSDKPNDKLISETAKSVMKEF,299,99.66555183946488,99.66555183946488,8801,Complete gene based on threshold,Major,blaZ,-,JDXN01000019,Beta-lactam,"PIPERACILLIN, AMPICILLIN, PENICILLIN, AMOXICILLIN",unpublished,-,Enzymatic inactivation,ResFinder Database,Class A
NODE_29_length_8801_cov_158.058,AAW52778.1,98.803,585,7,0,5681,3927,1,585,0.0,1097.0,MAKLLITSVVSFCFIFLLLVFFKYILKRYFNYSLNYKVWYLTVLAGLIPFIPIKFSFIKLNNVNNQAPTVESKSHDLNHNINTTKPVQEFTTDIHKFNWDSIDNICTVVWIVLVIILSFKFLKSLLYLKYLKKQSLYLNENEKNKIDTILFNHQYKKNIVIRKAETIQSPITFWYGKYIILIPSSYFKSVIDKRLKYIILHEYAHAKNRDTLHLIIFNIFSIVMSYNPLIHIVKRKIIHDNEVEADRFVLNNINKNEFKTYAESIMDSVLNIPFFNKNILSHSFNGKKSLLKRRLINIKEANLKKQSKLIPIFICIFTFLLMVIQSQFLMGQSITDYNYKKPLQNDHQILDESKNFGSNSGSFVMYSMKKDKYYIYNEKESRKRYSPDSTYKIYLAMFGLDHHIISDKNSRMSWNHKHYPFESWNKEQDLNTAMQNSVNWYFERISNQIPKNYTAAQLKQLNYGNENLGSYKSYWMEDSLKISNLEQVIVFKNMMEQNNHFSKKAKNQLSSSLLIKKNEKYELYGKTGTGIVNGKYNNGWFVGYVITNHDKYYFATHLSDGKPSGKNAELISEKILKEMGVLNGQ,MAKLLIMSVVSFCFIFLLLVFFRYILKRYFNYSLNYKVWYLTVLAGLIPFIPIKFSFIKFNNVNNQSPTVESRSHDLNHNINTTKPVQEFTTDIHKFNWDSIDNICTVIWIVLVIILSFKFLKSLLYLKYLKRQSLYLNENEKNKIDTILFNHQYKKNIVIRKAETIQSPITFWYGKYIILIPSSYFKSVIDKRLKYIILHEYAHAKNRDTLHLIIFNIFSIVMSYNPLIHIVKRKIIHDNEVEADRFVLNNINKNEFKTYAESIMDSVLNIPFFNKNILSHSFNGKKSLLKRRLINIKEANLKKQSKLIPIFICIFTFLLMVIQSQFLMGQSITDYNYKKPLQNDHQILDESKNFGSNSGSFVMYSMKKDKYYIYNEKESRKRYSPDSTYKIYLAMFGLDHHIISDKNSRMSWNHKHYPFESWNKEQDLNTAMQNSVNWYFERISNQIPKNYTAAQLKQLNYGNENLGSYKSYWMEDSLKISNLEQVIVFKNMMEQNNHFSKKAKNQLSSSLLIKKNEKYELYGKTGTGIVNGKYNNGWFVGYVITNHDKYYFATHLSDGKPSGKNAELISEKILKEMGVLNGQ,585,100.0,100.0,8801,Complete gene based on threshold,Major,blaR1,AAW52778.1,CP000028.1,BETA-LACTAM,BETA-LACTAM,,beta-lactam sensor/signal transducer BlaR1,-,Reference Gene Catalog,-
NODE_28_length_11264_cov_47.4416,EUK27095.1,100.0,123,0,0,5753,5385,1,123,3.5600000000000003e-75,244.0,MDNKTYEISSAEWEVMNIIWMKKYASANNIIEEIQMQKDWSPKTIRTLITRLYKKGFIDRKKDNKIFQYYSLVEESDIKYKTSKNFINKVYKGGFNSLVLNFVEKEDLSQDEIEELRNILNKK,MDNKTYEISSAEWEVMNIIWMKKYASANNIIEEIQMQKDWSPKTIRTLITRLYKKGFIDRKKDNKIFQYYSLVEESDIKYKTSKNFINKVYKGGFNSLVLNFVEKEDLSQDEIEELRNILNKK,123,100.0,100.0,11264,Complete gene based on threshold,Major,mecI,EUK27095.1,JBTS01000004.1,BETA-LACTAM,METHICILLIN,24564530,mecA-type methicillin resistance repressor MecI,antibiotic target replacement,"Reference Gene Catalog,Card Database",ARO:3000124
NODE_28_length_11264_cov_47.4416,BAB56204.1,100.0,570,0,0,7465,5756,16,585,0.0,1177.0,TICVIFLVRMLYIKYTQNIMSHKIWLLVLVSTLIPLIPFYKISNFTFSKDMMNRNVSDTTSSVSHMLDGQQSSVTKDLAINVNQFETSNITYMILLIWVFGSLLCLFYMIKAFRQIDVIKSSSLESSYLNERLKVCQSKMQFYKKHITISYSSNIDNPMVFGLVKSQIVLPTVVVETMNDKEIEYIILHELSHVKSHDLIFNQLYVVFKMIFWFNPALYISKTMMDNDCEKVCDRNVLKILNRHEHIRYGESILKCSILKSQHINNVAAQYLLGFNSNIKERVKYIALYDSMPKPNRNKRIVAYIVCSISLLIQAPLLSAHVQQDKYETNVSYKKLNQLAPYFKGFDGSFVLYNEREQAYSIYNEPESKQRYSPNSTYKIYLALMAFDQNLLSLNHTEQQWDKHQYPFKEWNQDQNLNSSMKYSVNWYYENLNKHLRQDEVKSYLDLIEYGNEEISGNENYWNESSLKISAIEQVNLLKNMKQHNMHFDNKAIEKVENSMTLKQKDTYKYVGKTGTGIVNHKEANGWFVGYVETKDNTYYFATHLKGEDNANGEKAQQISERILKEMELI,TICVIFLVRMLYIKYTQNIMSHKIWLLVLVSTLIPLIPFYKISNFTFSKDMMNRNVSDTTSSVSHMLDGQQSSVTKDLAINVNQFETSNITYMILLIWVFGSLLCLFYMIKAFRQIDVIKSSSLESSYLNERLKVCQSKMQFYKKHITISYSSNIDNPMVFGLVKSQIVLPTVVVETMNDKEIEYIILHELSHVKSHDLIFNQLYVVFKMIFWFNPALYISKTMMDNDCEKVCDRNVLKILNRHEHIRYGESILKCSILKSQHINNVAAQYLLGFNSNIKERVKYIALYDSMPKPNRNKRIVAYIVCSISLLIQAPLLSAHVQQDKYETNVSYKKLNQLAPYFKGFDGSFVLYNEREQAYSIYNEPESKQRYSPNSTYKIYLALMAFDQNLLSLNHTEQQWDKHQYPFKEWNQDQNLNSSMKYSVNWYYENLNKHLRQDEVKSYLDLIEYGNEEISGNENYWNESSLKISAIEQVNLLKNMKQHNMHFDNKAIEKVENSMTLKQKDTYKYVGKTGTGIVNHKEANGWFVGYVETKDNTYYFATHLKGEDNANGEKAQQISERILKEMELI,585,97.43589743589743,97.43589743589743,11264,Complete gene based on threshold,Major,mecR1,BAB56204.1,BA000017.4,BETA-LACTAM,METHICILLIN,11418146,beta-lactam sensor/signal transducer MecR1,antibiotic target replacement,"Reference Gene Catalog,Card Database",ARO:3000215
NODE_28_length_11264_cov_47.4416,mecA_6_BX571856,100.0,652,0,0,7658,9613,17,668,0.0,1294.0,GFGIYFYASKDKEINNTIDAIEDKNFKQVYKDSSYISKSDNGEVEMTERPIKIYNSLGVKDINIQDRKIKKVSKNKKRVDAQYKIKTNYGNIDRNVQFNFVKEDGMWKLDWDHSVIIPGMQKDQSIHIENLKSERGKILDRNNVELANTGTAYEIGIVPKNVSKKDYKAIAKELSISEDYIKQQMDQNWVQDDTFVPLKTVKKMDEYLSDFAKKFHLTTNETESRNYPLGKATSHLLGYVGPINSEELKQKEYKGYKDDAVIGKKGLEKLYDKKLQHEDGYRVTIVDDNSNTIAHTLIEKKKKDGKDIQLTIDAKVQKSIYNNMKNDYGSGTAIHPQTGELLALVSTPSYDVYPFMYGMSNEEYNKLTEDKKEPLLNKFQITTSPGSTQKILTAMIGLNNKTLDDKTSYKIDGKGWQKDKSWGGYNVTRYEVVNGNIDLKQAIESSDNIFFARVALELGSKKFEKGMKKLGVGEDIPSDYPFYNAQISNKNLDNEILLADSGYGQGEILINPVQILSIYSALENNGNINAPHLLKDTKNKVWKKNIISKENINLLTDGMQQVVNKTHKEDIYRSYANLIGKSGTAELKMKQGETGRQIGWFISYDKDNPNMMMAINVKDVQDKGMASYNAKISGKVYDELYENGNKKYDIDE,GFGIYFYASKDKEINNTIDAIEDKNFKQVYKDSSYISKSDNGEVEMTERPIKIYNSLGVKDINIQDRKIKKVSKNKKRVDAQYKIKTNYGNIDRNVQFNFVKEDGMWKLDWDHSVIIPGMQKDQSIHIENLKSERGKILDRNNVELANTGTAYEIGIVPKNVSKKDYKAIAKELSISEDYIKQQMDQNWVQDDTFVPLKTVKKMDEYLSDFAKKFHLTTNETESRNYPLGKATSHLLGYVGPINSEELKQKEYKGYKDDAVIGKKGLEKLYDKKLQHEDGYRVTIVDDNSNTIAHTLIEKKKKDGKDIQLTIDAKVQKSIYNNMKNDYGSGTAIHPQTGELLALVSTPSYDVYPFMYGMSNEEYNKLTEDKKEPLLNKFQITTSPGSTQKILTAMIGLNNKTLDDKTSYKIDGKGWQKDKSWGGYNVTRYEVVNGNIDLKQAIESSDNIFFARVALELGSKKFEKGMKKLGVGEDIPSDYPFYNAQISNKNLDNEILLADSGYGQGEILINPVQILSIYSALENNGNINAPHLLKDTKNKVWKKNIISKENINLLTDGMQQVVNKTHKEDIYRSYANLIGKSGTAELKMKQGETGRQIGWFISYDKDNPNMMMAINVKDVQDKGMASYNAKISGKVYDELYENGNKKYDIDE,668,97.60479041916167,97.60479041916167,11264,Complete gene based on threshold,Major,mecA,-,BX571856,Beta-lactam,"AMPICILLIN+CLAVULANIC ACID, AMPICILLIN, CEFEPIME, CEFIXIME, CEFTAZIDIME, PIPERACILLIN+TAZOBACTAM, MEROPENEM, AMOXICILLIN, PIPERACILLIN, AMOXICILLIN+CLAVULANIC ACID, IMIPENEM, ERTAPENEM, CEFOXITIN, CEFOTAXIME",15213324,-,Target modification,ResFinder Database,-
NODE_47_length_1918_cov_43.1008,aac(6')-aph(2'')_1_M13771,99.582,479,2,0,400,1836,1,479,0.0,935.0,MNIVENEICIRTLIDDDFPLMLKWLTDERVLEFYDGRDKKYTLESLKKHYTEPWEDEVFRVIIEYNNVPIGYGQIYKMYDELYTDYHYPKTDEIVYGMDQFIGEPNYWSKGIGTRYIKLIFEFLKKERNANAVILDPHKNNPRAIRAYQKSGFRIIEDLPEHELHEGKKEDCYLMEYRYDDNATNVKAMKYLIEHYFDNFKVDSIEISGSGYDSVAYLVNNEYIFKTKFSTNKKKGYAKEKAIYNFLNTNLETNVKIPNIEYSYISDELSILGYKEIKGTFLTPEIYSTMSEEEQNLLKRDIASFLRQMHGLDYTDISECTIDNKQNVLEEYILLRETIYNDLTDIEKDYIESFMERLNATTVFEGKKCLCHNDFSCNHLLLDGNNRLTGIIDFGDSGIIDEYCDFIYLLEDSEEEIGTNFGEDILRMYGNIDIEKAKEYQDIVEEYYPIETIVYGIKNIKQEFIENGRKEIYKRTYKD,MNIVENEICIRTLIDDDFPLMLKWLTDERVLEFYGGRDKKYTLESLKKHYTEPWEDEVFRVIIEYNNVPIGYGQIYKMYDELYTDYHYPKTDEIVYGMDQFIGEPNYWSKGIGTRYIKLIFEFLKKERNANAVILDPHKNNPRAIRAYQKSGFRIIEDLPEHELHEGKKEDCYLMEYRYDDNATNVKAMKYLIEHYFDNFKVDSIEIIGSGYDSVAYLVNNEYIFKTKFSTNKKKGYAKEKAIYNFLNTNLETNVKIPNIEYSYISDELSILGYKEIKGTFLTPEIYSTMSEEEQNLLKRDIASFLRQMHGLDYTDISECTIDNKQNVLEEYILLRETIYNDLTDIEKDYIESFMERLNATTVFEGKKCLCHNDFSCNHLLLDGNNRLTGIIDFGDSGIIDEYCDFIYLLEDSEEEIGTNFGEDILRMYGNIDIEKAKEYQDIVEEYYPIETIVYGIKNIKQEFIENGRKEIYKRTYKD,479,100.0,100.0,1918,Complete gene based on threshold,Major,aac(6')-aph(2''),-,M13771,Aminoglycoside,"GENTAMICIN, DIBEKACIN, STREPTOMYCIN, AMIKACIN, NETILMICIN, ISEPAMICIN, FORTIMICIN, KANAMYCIN, TOBRAMYCIN",3015884,-,Enzymatic modification,ResFinder Database,"Alternative name aac(6')-bifunctional, aac(6')-Ie, aacA-aphD, aac(6')-Ie-aph(2'')-Ia"
NODE_1005_length_240_cov_0.895706,mupA_2_GU237136,100.0,80,0,0,240,1,435,514,4.15e-53,175.0,VDWNIGRNRYWGTPLNVWICNDCNHEYAPSSIKDLQNNSINKIDEDIELHRPYVDNITLSCPKCNGKMSRVEEVIDVWFD,VDWNIGRNRYWGTPLNVWICNDCNHEYAPSSIKDLQNNSINKIDEDIELHRPYVDNITLSCPKCNGKMSRVEEVIDVWFD,1024,7.8125,7.8125,240,Partial gene in the end of Contig,Major,mupA,-,GU237136,Pseudomonic acid,MUPIROCIN,20211895,-,Alternate Patheway,ResFinder Database,-
NODE_8_length_105305_cov_35.386,BAB41547.1,100.0,451,0,0,35660,37012,1,451,0.0,884.0,MKDEQLYYFEKSPVFKAMMHFSLPMMIGTLLSVIYGILNIYFIGFLEDSHMISAISLTLPVFAILMGLGNLFGVGAGTYISRLLGAKDYSKSKFVSSFSIYGGIALGLIVILVTLPFSDQIAAILGARGETLALTSNYLKVMFLSAPFVILFFILEQFARAIGAPMISMIGMLASVGLNIILDPILIFGFDLNVVGAALGTAISNVAAALFFIIYFMKNSDVVSVNIKLAKPNKEMLSEIFKIGIPAFLMSILMGFTGLVLNLFLAHYGNFAIASYGISFRLVQFPELIIMGLCEGVVPLIAYNFMANKGRMKDVIKAVIMSIGVIFVVCMIAVFTIGHHMVGLFTTDQAIVEMATFILKVTMASLLLNGIGFLFTGMLQATGQGRGATIMAILQGAIIIPVLFIMNALFGLTGVIWSLLIAESLCALAAMLIVYLLRDRLTVDTSELIEG,MKDEQLYYFEKSPVFKAMMHFSLPMMIGTLLSVIYGILNIYFIGFLEDSHMISAISLTLPVFAILMGLGNLFGVGAGTYISRLLGAKDYSKSKFVSSFSIYGGIALGLIVILVTLPFSDQIAAILGARGETLALTSNYLKVMFLSAPFVILFFILEQFARAIGAPMISMIGMLASVGLNIILDPILIFGFDLNVVGAALGTAISNVAAALFFIIYFMKNSDVVSVNIKLAKPNKEMLSEIFKIGIPAFLMSILMGFTGLVLNLFLAHYGNFAIASYGISFRLVQFPELIIMGLCEGVVPLIAYNFMANKGRMKDVIKAVIMSIGVIFVVCMIAVFTIGHHMVGLFTTDQAIVEMATFILKVTMASLLLNGIGFLFTGMLQATGQGRGATIMAILQGAIIIPVLFIMNALFGLTGVIWSLLIAESLCALAAMLIVYLLRDRLTVDTSELIEG,451,100.0,100.0,105305,Complete gene based on threshold,Major,mepA,BAB41547.1,BA000018.3,TETRACYCLINE,TIGECYCLINE,15855508,multidrug efflux MATE transporter MepA,-,Reference Gene Catalog,-
NODE_6_length_115350_cov_40.1003,aph(3')-III_1_M26832,100.0,250,0,0,2343,1594,6,255,5.14e-164,508.0,ISPELKKLIEKYRCVKDTEGMSPAKVYKLVGENENLYLKMTDSRYKGTTYDVEREKDMMLWLEGKLPVPKVLHFERHDGWSNLLMSEADGVLCSEEYEDEQSPEKIIELYAECIRLFHSIDISDCPYTNSLDSRLAELDYLLNNDLADVDCENWEEDTPFKDPRELYDFLKTEKPEEELVFSHGDLGDSNIFVKDGKVSGFIDLGRSGRADKWYDIAFCVRSIREDIGEEQYVELFFDLLGIKPDWEKIK,ISPELKKLIEKYRCVKDTEGMSPAKVYKLVGENENLYLKMTDSRYKGTTYDVEREKDMMLWLEGKLPVPKVLHFERHDGWSNLLMSEADGVLCSEEYEDEQSPEKIIELYAECIRLFHSIDISDCPYTNSLDSRLAELDYLLNNDLADVDCENWEEDTPFKDPRELYDFLKTEKPEEELVFSHGDLGDSNIFVKDGKVSGFIDLGRSGRADKWYDIAFCVRSIREDIGEEQYVELFFDLLGIKPDWEKIK,264,94.6969696969697,94.6969696969697,115350,Complete gene based on threshold,Major,aph(3')-III,-,M26832,Aminoglycoside,"PAROMOMYCIN, BUTIROSIN, RIBOSTAMYCIN, AMIKACIN, ISEPAMICIN, NEOMYCIN, LIVIDOMYCIN, KANAMYCIN",3937729,-,Enzymatic modification,ResFinder Database,-
NODE_3_length_307586_cov_34.6579,EHS19134.1,100.0,139,0,0,155111,155527,1,139,1.9700000000000002e-79,261.0,MLKSINHICFSVRNLNDSIHFYRDILLGKLLLTGKKTAYFELAGLWIALNEEKDIPRNEIHFSYTHIAFTIDDSEFKYWHQRLKDNNVNILEGRVRDIRDRQSIYFTDPDGHKLELHTGTLENRLNYYKEAKPHMTFYK,MLKSINHICFSVRNLNDSIHFYRDILLGKLLLTGKKTAYFELAGLWIALNEEKDIPRNEIHFSYTHIAFTIDDSEFKYWHQRLKDNNVNILEGRVRDIRDRQSIYFTDPDGHKLELHTGTLENRLNYYKEAKPHMTFYK,139,100.0,100.0,307586,Complete gene based on threshold,Major,fosB,EHS19134.1,AHLO01000073.1,FOSFOMYCIN,FOSFOMYCIN,11244082,FosB1/FosB3 family fosfomycin resistance bacillithiol transferase,antibiotic inactivation,"Reference Gene Catalog,Card Database",ARO:3004661
NODE_1_length_544300_cov_26.4004,ADK23694.1,79.874,159,32,0,252233,252709,1,159,2.6899999999999998e-83,274.0,MTLSILVAHDLQRVIGFENQLPWHLPNDLKHVKKLSTGHTLVMGRKTFESIGKPLPNRRNVVLTSDTSFNVEGVDVIHSIEDIYQLPGHVFIFGGQTLFEEMIDKVDDMYITVIEGKFRGDTFFPPYTFEDWEVASSVEGKLDEKNTIPHTFLHLIRKK,MTLSIIVAHDKQRVIGYQNQLPWHLPNDLKHIKQLTTGNTLVMARKTFNSIGKPLPNRRNVVLTNQASFHHEGVDVINSLDEIKELSGHVFIFGGQTLYEAMIDQVDDMYITVIDGKFQGDTFFPPYTFENWEVESSVEGQLDEKNTIPHTFLHLVRRK,161,98.75776397515527,98.75776397515527,544300,Complete gene based on threshold,Major,dfrC,ADK23694.1,GU565967.1,TRIMETHOPRIM,TRIMETHOPRIM,,trimethoprim-resistant dihydrofolate reductase DfrS1,-,Reference Gene Catalog,-
NODE_9_length_97685_cov_33.6424,BAB41874.1_ARO:3000815,100.0,147,0,0,41485,41925,1,147,1.36e-93,301.0,MSDQHNLKEQLCFSLYNAQRQVNRYYSNKVFKKYNLTYPQFLVLTILWDESPVNVKKVVTELALDTGTVSPLLKRMEQVDLIKRERSEVDQREVFIHLTDKSETIRPELSNASDKVASASSLSQDEVKELNRLLGKVIHAFDETKEK,MSDQHNLKEQLCFSLYNAQRQVNRYYSNKVFKKYNLTYPQFLVLTILWDESPVNVKKVVTELALDTGTVSPLLKRMEQVDLIKRERSEVDQREVFIHLTDKSETIRPELSNASDKVASASSLSQDEVKELNRLLGKVIHAFDETKEK,147,100.0,100.0,97685,Complete gene based on threshold,Minor,mgrA,BAB41874.1,BA000018.3,cephalosporin;disinfecting agents and antiseptics;fluoroquinolone antibiotic;penam;peptide antibiotic;tetracycline antibiotic,,-,ATP-binding cassette (ABC) antibiotic efflux pump;major facilitator superfamily (MFS) antibiotic efflux pump,antibiotic efflux,Card Database,ARO:3000815
NODE_25_length_20214_cov_36.6327,CYF42523.1_ARO:3004047,98.757,885,11,0,16475,19129,1,885,0.0,1722.0,MSNTESLNIGKKRGSLTIYIGYSPGVGKTFEMLSNAIELFQSNVDIKIGYIEPHQRDETNALAEQLPKITTNFTKHGSHHFQYLDVDRIIEESPTIVLIDELAHTNISRDRHEKRYMDIEEILNHGIDVHTTLNIQHIESLSSQIELMTGVHVKERVPDYFIMSADVLEVVDISPEQLIKRLKAGKVYKKDRLDVAFSNFFTYAHLSELRTLTLRTVADLMSDKEKVRHNHKTSLKPHIAVAISGSIYNEAVIKEAFHIAQKEHAKFTAIYIDVFEKNRQYKDSQKQVHQHLMLAKSLGAKVKVVYSQTVALGLDEWCKNQDVTKLIIGQHIRNKWRDFFNTPLIDHLMSFEHSYKIEIVPIKQIPVELKMNKSPYRPKGKRFAIDMLKMILIQIICVMMGLWIYQLDKHESSTIILMIFLIGIILLSIWTRSFIIGFLAAIINVFVFNYFFTEPRYTFEVYRFDYPITFIVSILTSILTSALLKQIKFQYSITKKQLYRTDLLFQFNDSIKQTYTVENLLINAGYQINQLLQQSITIYVINQSKVIKTIPLQNHIDNTTQQHEQALSWVIKNERQAGATTDTFPGINKWLIPIGTSPIKGILAIDYQSSQVINPYDASILESMLNELSLAVENVTLLKQTRESMLQAERQLTHSNFLRSISHDIRTPLTTIMGNLDILVSHSKDMSIIEKEQLLVHSFQESQYLYLLVTNILSLTKLQSSNVQIKLQPYLVSELVEEIDMILERRHLKKRITVSSSVNLQFIHIDSKLILQALFNLIENAVKHTSTDTKINLSIRYASYEQIEFAVIDEGPGISLEEQQKIFEPFYTGSNKYFKDNQKESMGLGLYLVQTILHKHQSNLQYKPNQPHGSIFYFNIYTDFNEGDV,MSNTESLNIGKKRGSLTIYIGYSPGVGKTFEMLSNAIELFQSNIDIKIGYIEPHQRDETNALAEQLPKIATNFTKHGSHHFQYLDVDRIIKESPTIVLIDELAHTNISRDRHEKRYMDIEEILNHGIDVHTTLNIQHIESLSSQIELMTGVHVKERVPDYFIMSADVLEVVDISPEQLIKRLKAGKVYKKDRLDVAFSNFFTYTHLSELRTLTLRTVADLMSDKEKVRHNHKTSLKPHIAVAISGSIYNEAVIKEAFHIAQKEHAKFTAIYIDVFEKNRQYKDSQKQVHQHLMLAKSLGAKVKVVYSQTVALGLDEWCKNQDVTKLIIGQHIRNKWRDFFNTPLIDHLMSFEHSYKIEIVPIKQIPVELKMNKSPYRPKGKRFAIDMLKMILIQIICVMMGLWIYQLDKHESSTIILMIFLIGIILLSIWTRSYIIGFLAAIINVFVFNYFFTEPRYTFEVYRFDYPITFIVSILTSILTSALLKQIKFQYSITKKQLYRTDLLFQFNDSIKQTYTVENLLINAGYQINQLLQQSITVYVINQSKVIKTIPLQNHIDNTTQQHEQALSWVIKNERQAGATTDTFPGINKWLIPIGTSPIKGILAIDYQSSQVINPYDASILESMLNELSLAVENVSLLKQTRESMLQAERQLTHSNFLRSISHDIRTPLTTIMGNLDILVSHSKDMSIIEKEQLLVHSFQESQYLYLLVTNILSLTKLQSSNVQIKLQPYLVSELVEEIDMILERRHLKKRITVSSSVDLQFIHIDSKLILQALFNLIENAVKHTSTDTKINLSIRYASDEQIEFAVIDEGPGISLEEQQKIFEPFYTGSNKYFKDNQKESMGLGLYLVQTILHKHQSNLQYKPNQPHGSIFYFNIDTDFNEGDI,885,100.0,100.0,20214,Complete gene based on threshold,Minor,kdpD,CYF42523.1,FHDU01000010.1,aminoglycoside antibiotic,,-,kdpDE,antibiotic efflux,Card Database,ARO:3004047
NODE_9_length_97685_cov_33.6424,BAA14147.1_ARO:3004667,100.0,388,0,0,33834,32671,1,388,0.0,643.0,MNKQIFVLYFNIFLIFLGIGLVIPVLPVYLKDLGLTGSDLGLLVAAFALSQMIISPFGGTLADKLGKKLIICIGLILFSVSEFMFAVGHNFSVLMLSRVIGGMSAGMVMPGVTGLIADISPSHQKAKNFGYMSAIINSGFILGPGIGGFMAEVSHRMPFYFAGALGILAFIMSIVLIHDPKKSTTSGFQKLEPQLLTKINWKVFITPVILTLVLSFGLSAFETLYSLYTADKVNYSPKDISIAITGGGIFGALFQIYFFDKFMKYFSELTFIAWSLLYSVVVLILLVFANGYWSIMLISFVVFIGFDMIRPAITNYFSNIAGERQGFAGGLNSTFTSMGNFIGPLIAGALFDVHIEAPIYMAIGVSLAGVVIVLIEKQHRAKLKEQNM,MNKQIFVLYFNIFLIFLGIGLVIPVLPVYLKDLGLTGSDLGLLVAAFALSQMIISPFGGTLADKLGKKLIICIGLILFSVSEFMFAVGHNFSVLMLSRVIGGMSAGMVMPGVTGLIADISPSHQKAKNFGYMSAIINSGFILGPGIGGFMAEVSHRMPFYFAGALGILAFIMSIVLIHDPKKSTTSGFQKLEPQLLTKINWKVFITPVILTLVLSFGLSAFETLYSLYTADKVNYSPKDISIAITGGGIFGALFQIYFFDKFMKYFSELTFIAWSLLYSVVVLILLVFANGYWSIMLISFVVFIGFDMIRPAITNYFSNIAGERQGFAGGLNSTFTSMGNFIGPLIAGALFDVHIEAPIYMAIGVSLAGVVIVLIEKQHRAKLKEQNM,388,100.0,100.0,97685,Complete gene based on threshold,Minor,Saur_norA,BAA14147.1,D90119.1,fluoroquinolone antibiotic,,-,major facilitator superfamily (MFS) antibiotic efflux pump,antibiotic efflux,Card Database,ARO:3004667
NODE_8_length_105305_cov_35.386,BAB56495.1_ARO:3000746,100.0,139,0,0,35134,35550,1,139,3.23e-88,285.0,MEFTYSYLFRMISHEMKQKADQKLEQFDITNEQGHTLGYLYAHQQDGLTQNDIAKALQRTGPTVSNLLRNLERKKLIYRYVDAQDTRRKNIGLTTSGIKLVEAFTSIFDEMEQTLVSQLSEEENEQMKANLTKMLSSLQ,MEFTYSYLFRMISHEMKQKADQKLEQFDITNEQGHTLGYLYAHQQDGLTQNDIAKALQRTGPTVSNLLRNLERKKLIYRYVDAQDTRRKNIGLTTSGIKLVEAFTSIFDEMEQTLVSQLSEEENEQMKANLTKMLSSLQ,139,100.0,100.0,105305,Complete gene based on threshold,Minor,mepR,BAB56495.1,BA000017.4,glycylcycline;tetracycline antibiotic,,-,multidrug and toxic compound extrusion (MATE) transporter,antibiotic efflux,Card Database,ARO:3000746
NODE_3_length_307586_cov_34.6579,WP_042355600.1_ARO:3007012,96.815,157,5,0,5503,5033,1,157,1.68e-73,245.0,MIVNYLKHKFYNLLTTMIVLFIFVLSGAIFLTFLGFGLYGLSRILIYFRLGDFTYNRSMYDNLLYYGSYIIFGYFIIFAVEHLMDYFRKMLPENAYFRGATFHLISYTVATTLFYFIIHLNYVYINIDFWVIMVIIGFLYVCKLQFYPESKNLNNRK,MIVNFFKHKFYNLLTTMIVLFVFVLSGAIFLTFLGFGLYGLSRILIYFRLGDFTYNRNMYDNLLYYGSYIIFGYFIIFAVEHLMDYFRKMLPENAYFRGATFHLISYTVATTLFYFIIHLHYVYINIDFWVIMVIIGFLYVCKLQFYPESKNLNNRK,157,100.0,100.0,307586,Complete gene based on threshold,Minor,sepA,WP_042355600.1,NC_016941.1,disinfecting agents and antiseptics,,-,small multidrug resistance (SMR) antibiotic efflux pump,antibiotic efflux,Card Database,ARO:3007012
NODE_3_length_307586_cov_34.6579,BAB43261.1_ARO:3007013,100.0,447,0,0,6945,5605,1,447,0.0,723.0,MRLKSIITVIALILIMFMSAIESSIISLALPTIKQDLNAGNLISLIFTAYFIALVIANPIVGELLSRFKIIYVAIAGLLLFSIGSFMCGLSTNFTMLIISRVIQGFGSGVLMSLSQIVPKLAFEIPLRYKIMGIVGSVWGISSIIGPLLGGGILEFATWHWLFYINIPIAIIAIILVIWTFHFPEEETVAKSKFDTKGLTLFYVFIGLIMFALLNQQLLLLNFLSFILAIVVAMCLFKVEKHVSSPFLPVVEFNRSITLVFITDLLTAICLMGFNLYIPVYLQEQLGLSPLQSGLVIFPLSVAWITLNFNLHRIEAKLSRKVIYLLSFTLLLVSSIIISFGIKLPVLIAFVLILAGLSFGYIYTKDSVIVQEETSPLQMKKMMSFYGLTKNLGASIGSTIMGYLYAIQSGIFGPNLHNVLSAVAVISIGLIVLWVVFFKEQSSQSKE,MRLKSIITVIALILIMFMSAIESSIISLALPTIKQDLNAGNLISLIFTAYFIALVIANPIVGELLSRFKIIYVAIAGLLLFSIGSFMCGLSTNFTMLIISRVIQGFGSGVLMSLSQIVPKLAFEIPLRYKIMGIVGSVWGISSIIGPLLGGGILEFATWHWLFYINIPIAIIAIILVIWTFHFPEEETVAKSKFDTKGLTLFYVFIGLIMFALLNQQLLLLNFLSFILAIVVAMCLFKVEKHVSSPFLPVVEFNRSITLVFITDLLTAICLMGFNLYIPVYLQEQLGLSPLQSGLVIFPLSVAWITLNFNLHRIEAKLSRKVIYLLSFTLLLVSSIIISFGIKLPVLIAFVLILAGLSFGYIYTKDSVIVQEETSPLQMKKMMSFYGLTKNLGASIGSTIMGYLYAIQSGIFGPNLHNVLSAVAVISIGLIVLWVVFFKEQSSQSKE,447,100.0,100.0,307586,Complete gene based on threshold,Minor,sdrM,BAB43261.1,BA000018.3,disinfecting agents and antiseptics;fluoroquinolone antibiotic,,-,major facilitator superfamily (MFS) antibiotic efflux pump,antibiotic efflux,Card Database,ARO:3007013
NODE_3_length_307586_cov_34.6579,AAW38464.1,99.167,480,4,0,4707,3268,1,480,0.0,902.0,MAKVELTTRRRNFIVAVMLISAFVAILNQTLLNTALPSIMRELNINESTSQWLVTGFMLVNGVMIPLTAYLMDRIKTRPLYLAAMGTFLLGSIVAALAPNFGVLMLARVIQAMGAGVLMPLMQFTLFTLFSKEHRGFAMGLAGLVIQFAPAIGPTVTGLIIDQASWRVPFIIIVGIALVAFVFGLVSISSYNEVKYTKLDKRSVMYSTIGFGLMLYAFSSAGDLGFTSPIVIGALIISMVIIYLFIRRQFNITNVLLNLRVFKNRTFALCTISSMIIMMSMVGPALLIPLYVQNSLSLSALLSGLVIMPGAIINGIMSVFTGKFYDKYGPRPLIYTGFTILTITTIMLCFLHTDTSYTYLIVVYAIRMFSVSLLMMPINTTGINSLRNEEISHGTAIMNFGRVMAGSLGTALMVTLMSFGAKIFLSTSPSHLTATEIKQQSIAIGVDISFAFVAVLVMAAYVIALFIREPKEIESNRRKF,MAKVELTTRRRNFIVAVMLISAFVAILNQTLLNTALPSIMRELNINESTSQWLVTGFMLVNGVMIPLTAYLMDRIKTRPLYLAAMGTFLLGSIVAALAPNFGVLMLARVIQAMGAGVLMPLMQFTLFTLFSKEHRGFAMGLAGLVIQFAPAIGPTVTGLIIDQASWRVPFIIIVGIAILAFVFGLVSISSYNEVKYTKLDKRSVMYSTIGFGLMLYAFSSAGDLGFTSPIVIGALILSMVIIYLFIRRQFNITNALLNLRVFKNRTFALCTISSMIIMMSMVGPALLIPLYVQNSLSLSALLSGLVIMPGAIINGIMSVFTGKFYDKYGPRPLIYTGFTILTITTIMLCFLHTDTSYTYLIVVYAIRMFSVSLLMMPINTTGINSLRNEEISHGTAIMNFGRVMAGSLGTALMVTLMSFGAKIFLSTSPSHLTATEIKQQSIAIGVDISFAFVAVLVMAAYVIALFIREPKEIESNRRKF,480,100.0,100.0,307586,Complete gene based on threshold,Minor,lmrS,AAW38464.1,CP000046.1,MACROLIDE/PHENICOL,"ERYTHROMYCIN, CHLORAMPHENICOL",20855745,multidrug efflux MFS transporter LmrS,-,Reference Gene Catalog,-
NODE_1_length_544300_cov_26.4004,ATC67679.1_ARO:3000838,100.0,219,0,0,260432,261088,1,219,4.92e-130,410.0,MTQILIVEDEQNLARFLELELTHENYNVDTEYDGQDGLDKALSHYYDLIILDLMLPSINGLEICRKIRQQQSTPIIIITAKSDTYDKVAGLDYGADDYIVKPFDIEELLARIRAILRRQPQKDIIDVNGITIDKNAFKVTVNGAEIELTKTEYDLLYLLAENKNHVMQREQILNHVWGYNSEVETNVVDVYIRYLRNKLKPYDRDKMIETVRGVGYVIR,MTQILIVEDEQNLARFLELELTHENYNVDTEYDGQDGLDKALSHYYDLIILDLMLPSINGLEICRKIRQQQSTPIIIITAKSDTYDKVAGLDYGADDYIVKPFDIEELLARIRAILRRQPQKDIIDVNGITIDKNAFKVTVNGAEIELTKTEYDLLYLLAENKNHVMQREQILNHVWGYNSEVETNVVDVYIRYLRNKLKPYDRDKMIETVRGVGYVIR,219,100.0,100.0,544300,Complete gene based on threshold,Minor,arlR,ATC67679.1,CP023390.1,disinfecting agents and antiseptics;fluoroquinolone antibiotic,,-,major facilitator superfamily (MFS) antibiotic efflux pump,antibiotic efflux,Card Database,ARO:3000838
NODE_1_length_544300_cov_26.4004,AGP27106.1_ARO:3007010,70.33,455,135,0,212933,214297,2,456,2.27e-150,480.0,REAFEGNNKLLIGIVLSVITFWLFAQSLVNVVPILEDSFNTDIGTVNIAVSITALFSGMFVVGAGGLADKYGRIKLTNIGIILNILGSLLIIISNIPLLLIIGRLIQGLSAACIMPATLSIIKSYYIGKDRQRALSYWSIGSWGGSGVCSFFGGAVATLLGWRWIFILSIIISLIALFLIKGTPETKSKSISLNKFDIKGLVLLVIMLLTLNILITKGSELGVTSLLFITLLAIAIGSFSLFIVLEKRATNPLIDFKLFKNKAYTGATASNFLLNGVAGTLIVANTFVQRGLGYSSLQAGSLSITYLVMVLIMIRVGEKLLQTLGCKKPMLIGTGVLIVGECLISLTFLPEILYVICCIIGYLFFGLGLGIYATPSTDTAIANAPLEKVGVAAGIYKMASALGGAFGVALSGAVYAIVSNMTNIYTGAMIALWLNAGMGILSFVIILLLVPKQND,NETYRGGNKLILGIVLGVITFWLFAQSLVNVVPNLQQSFGADMGTISIAVSLTALFSGMFVVGAGGLADKIGRVKMTNIGLLLSIIGSALIIITNLPALLILGRIIQGVSAACIMPSTLAIMKTYYEGAERQRALSYWSIGSWGGSGICSLFGGAVATTMGWRWIFIFSIIVAVLSMLLIKGTPETKSEVTNTHKFDVAGLIVLVVMLLSLNVVITKGAALGYTSLWFFGLIAIVIVAFFIFLNVEKKVDNPLIDFKLFENKPYTGATISNFLLNGVAGTLIVANTFVQQGLGYTALQAGYLSITYLIMVLLMIRVGEKLLQKMGSKRPMLLGTFIVIIGIALISLVFLPGIFYVISCVVGYLCFGLGLGIYATPSTDTAISNAPLDKVGVASGIYKMASSLGGAFGVAISGAVYAGAVAATSIHTGAMIALWVNVLMGIMAFIAILFAIPNDDK,462,98.48484848484848,98.48484848484848,544300,Complete gene based on threshold,Minor,norC,AGP27106.1,CP005288.1,disinfecting agents and antiseptics;fluoroquinolone antibiotic,,-,major facilitator superfamily (MFS) antibiotic efflux pump,antibiotic efflux,Card Database,ARO:3007010
NODE_10_length_92303_cov_38.4267,AGP27106.1_ARO:3007010,98.896,453,5,0,41902,40544,1,453,0.0,721.0,MNETYRGGNKLILGIVLGVITFWLFAQSLVNVVPNLQQSFGADMGTISIAVSLTALFSGMFVVGAGGLADKIGRVKMTNIGLLLSIIGSALIIITNLPALLILGRVIQGVSAACIMPSTLAIMKTYYQGAERQRALSYWSIGSWGGSGICSLFGGAVATTMGWRWIFIFSIIVAVLSMLLIKGTPETKSEITNTHKFDVAGLIVLVVMLLSLNVVITKGAALGYTSLWFFGLIAIVIVAFFIFLNVEKKVDNPLIDFKLFENKPYTGATISNFLLNGVAGTLIVANTFVQQGLGYTALQAGYLSITYLIMVLLMIRVGEKLLQKMGSKRPMLLGTFIVVIGIALISLVFLPGIFYVISCVVGYLCFGLGLGIYATPSTDTAISNAPLDKVGVASGIYKMASSLGGAFGVAISGAVYVGAVAATSIHTGAMIALWVNVLMGIMAFIAILFAIPN,MNETYRGGNKLILGIVLGVITFWLFAQSLVNVVPNLQQSFGADMGTISIAVSLTALFSGMFVVGAGGLADKIGRVKMTNIGLLLSIIGSALIIITNLPALLILGRIIQGVSAACIMPSTLAIMKTYYEGAERQRALSYWSIGSWGGSGICSLFGGAVATTMGWRWIFIFSIIVAVLSMLLIKGTPETKSEVTNTHKFDVAGLIVLVVMLLSLNVVITKGAALGYTSLWFFGLIAIVIVAFFIFLNVEKKVDNPLIDFKLFENKPYTGATISNFLLNGVAGTLIVANTFVQQGLGYTALQAGYLSITYLIMVLLMIRVGEKLLQKMGSKRPMLLGTFIVIIGIALISLVFLPGIFYVISCVVGYLCFGLGLGIYATPSTDTAISNAPLDKVGVASGIYKMASSLGGAFGVAISGAVYAGAVAATSIHTGAMIALWVNVLMGIMAFIAILFAIPN,462,98.05194805194806,98.05194805194806,92303,Complete gene based on threshold,Minor,norC,AGP27106.1,CP005288.1,disinfecting agents and antiseptics;fluoroquinolone antibiotic,,-,major facilitator superfamily (MFS) antibiotic efflux pump,antibiotic efflux,Card Database,ARO:3007010
NODE_1_length_544300_cov_26.4004,ABD30512.1_ARO:3000839,100.0,451,0,0,261088,262440,1,451,0.0,812.0,MTKRKLRNNWIIVTTMITFVTIFLFCLIIIFFLKDTLHNSELDDAERSSSDINNLFHSKPVKDISALDLNASLGNFQEIIIYDEHNNKLFETSNDNTVRVEPGYEHRYFDRVIKKRYKGIEYLIIKEPITTQDFKGYSLLIHSLENYDNIVKSLYIIALAFGVIATIITATISYVFSTQITKPLVSLSNKMIEIRRDGFQNKLQLNTNYEEIDNLANTFNEMMSQIEESFNQQRQFVEDASHELRTPLQIIQGHLNLIQRWGKKDPAVLEESLNISIEEMNRIIKLVEELLELTKGDVNDISSEAQTVHINDEIRSRIHSLKQLHPDYQFDTDLTSKNLEIKMKPHQFEQLFLIFIDNAIKYDVKNKKIKVKTRLKNKQKIIEITDHGIGIPEEDQDFIFDRFYRVDKSRSRSQGGNGLGLSIAQKIIQLNGGSIKIKSEINKGTTFKIIF,MTKRKLRNNWIIVTTMITFVTIFLFCLIIIFFLKDTLHNSELDDAERSSSDINNLFHSKPVKDISALDLNASLGNFQEIIIYDEHNNKLFETSNDNTVRVEPGYEHRYFDRVIKKRYKGIEYLIIKEPITTQDFKGYSLLIHSLENYDNIVKSLYIIALAFGVIATIITATISYVFSTQITKPLVSLSNKMIEIRRDGFQNKLQLNTNYEEIDNLANTFNEMMSQIEESFNQQRQFVEDASHELRTPLQIIQGHLNLIQRWGKKDPAVLEESLNISIEEMNRIIKLVEELLELTKGDVNDISSEAQTVHINDEIRSRIHSLKQLHPDYQFDTDLTSKNLEIKMKPHQFEQLFLIFIDNAIKYDVKNKKIKVKTRLKNKQKIIEITDHGIGIPEEDQDFIFDRFYRVDKSRSRSQGGNGLGLSIAQKIIQLNGGSIKIKSEINKGTTFKIIF,451,100.0,100.0,544300,Complete gene based on threshold,Minor,arlS,ABD30512.1,CP000253.1,disinfecting agents and antiseptics;fluoroquinolone antibiotic,,-,major facilitator superfamily (MFS) antibiotic efflux pump,antibiotic efflux,Card Database,ARO:3000839
